AStarPacMan,MyGhosts,400.0,82110,17
AStarPacMan,MyGhosts,400.0,81240,16
AStarPacMan,MyGhosts,400.0,77900,17
AStarPacMan,MyGhosts,400.0,75240,16
AStarPacMan,MyGhosts,400.0,74920,17
AStarPacMan,MyGhosts,400.0,74410,17
AStarPacMan,MyGhosts,400.0,74210,16
AStarPacMan,MyGhosts,400.0,73680,17
AStarPacMan,MyGhosts,400.0,73290,16
AStarPacMan,MyGhosts,400.0,72270,17
AStarPacMan,MyGhosts,400.0,72060,16
AStarPacMan,MyGhosts,400.0,71600,17
AStarPacMan,MyGhosts,400.0,71390,15
AStarPacMan,MyGhosts,400.0,71310,16
AStarPacMan,MyGhosts,400.0,70930,16
AStarPacMan,MyGhosts,400.0,70920,16
AStarPacMan,MyGhosts,400.0,70630,16
AStarPacMan,MyGhosts,400.0,70500,17
AStarPacMan,MyGhosts,400.0,70390,17
AStarPacMan,MyGhosts,400.0,70350,16
AStarPacMan,MyGhosts,400.0,70240,17
AStarPacMan,MyGhosts,400.0,69630,16
AStarPacMan,MyGhosts,400.0,69010,17
AStarPacMan,MyGhosts,400.0,68990,17
AStarPacMan,MyGhosts,400.0,68940,16
AStarPacMan,MyGhosts,400.0,68790,16
AStarPacMan,MyGhosts,400.0,68620,16
AStarPacMan,MyGhosts,400.0,68400,17
AStarPacMan,MyGhosts,400.0,67880,17
AStarPacMan,MyGhosts,400.0,67850,17
AStarPacMan,MyGhosts,400.0,67730,16
AStarPacMan,MyGhosts,400.0,67250,17
AStarPacMan,MyGhosts,380.35,66760,15
AStarPacMan,MyGhosts,400.0,66620,15
AStarPacMan,MyGhosts,400.0,66270,17
AStarPacMan,MyGhosts,400.0,66010,16
AStarPacMan,MyGhosts,400.0,65780,16
AStarPacMan,MyGhosts,400.0,65090,16
AStarPacMan,MyGhosts,400.0,64790,16
AStarPacMan,MyGhosts,382.57,64330,15
AStarPacMan,MyGhosts,360.38,63860,15
AStarPacMan,MyGhosts,400.0,63810,17
AStarPacMan,MyGhosts,395.22,62920,15
AStarPacMan,MyGhosts,400.0,60780,14
AStarPacMan,MyGhosts,342.75,59750,14
AStarPacMan,MyGhosts,347.98,58040,14
AStarPacMan,MyGhosts,342.3,56520,14
AStarPacMan,MyGhosts,359.57,56170,15
AStarPacMan,MyGhosts,320.38,53710,13
AStarPacMan,MyGhosts,297.5,53110,12
AStarPacMan,MyGhosts,268.4,52430,11
AStarPacMan,MyGhosts,308.55,51190,13
AStarPacMan,MyGhosts,283.43,51010,11
AStarPacMan,MyGhosts,328.55,48930,13
AStarPacMan,MyGhosts,254.62,47810,10
AStarPacMan,MyGhosts,283.9,47680,10
AStarPacMan,MyGhosts,247.4,47030,10
AStarPacMan,MyGhosts,258.58,46030,10
AStarPacMan,MyGhosts,241.75,45790,9
AStarPacMan,MyGhosts,255.6,45030,10
AStarPacMan,MyGhosts,314.78,44920,11
AStarPacMan,MyGhosts,276.18,44800,11
AStarPacMan,MyGhosts,244.97,44420,10
AStarPacMan,MyGhosts,239.2,44020,10
AStarPacMan,MyGhosts,228.47,43130,10
AStarPacMan,MyGhosts,217.78,43090,9
AStarPacMan,MyGhosts,211.05,42400,9
AStarPacMan,MyGhosts,195.8,41580,8
AStarPacMan,MyGhosts,240.08,40790,9
AStarPacMan,MyGhosts,233.85,38460,10
AStarPacMan,MyGhosts,235.67,38330,10
AStarPacMan,MyGhosts,222.8,36840,10
AStarPacMan,MyGhosts,245.32,36790,9
AStarPacMan,MyGhosts,231.8,36190,9
AStarPacMan,MyGhosts,233.45,35540,9
AStarPacMan,MyGhosts,176.88,32280,7
AStarPacMan,MyGhosts,157.23,31200,7
AStarPacMan,MyGhosts,161.95,29680,7
AStarPacMan,MyGhosts,180.08,29480,7
AStarPacMan,MyGhosts,150.37,29100,6
AStarPacMan,MyGhosts,180.22,28870,7
AStarPacMan,MyGhosts,171.48,27090,7
AStarPacMan,MyGhosts,160.37,26630,6
AStarPacMan,MyGhosts,159.1,26100,6
BFSPacMan,MyGhosts,206.85,25930,10
UCSPacMan,MyGhosts,155.75,24510,7
AStarPacMan,MyGhosts,147.07,24330,6
AStarPacMan,MyGhosts,137.6,23670,5
AStarPacMan,MyGhosts,147.32,21870,5
UCSPacMan,MyGhosts,161.4,21450,7
AStarPacMan,MyGhosts,124.38,21400,5
UCSPacMan,MyGhosts,140.4,21370,7
AStarPacMan,MyGhosts,145.18,21270,5
AStarPacMan,MyGhosts,81.97,20760,3
AStarPacMan,MyGhosts,141.53,20270,5
BFSPacMan,MyGhosts,145.28,19950,7
UCSPacMan,MyGhosts,152.33,19930,7
AStarPacMan,MyGhosts,124.95,19180,6
GreedyPacMan,MyGhosts,133.95,19060,6
AStarPacMan,MyGhosts,139.55,19020,5
UCSPacMan,MyGhosts,142.38,18900,6
GreedyPacMan,MyGhosts,106.82,18770,5
UCSPacMan,MyGhosts,115.68,18500,5
GreedyPacMan,MyGhosts,118.98,17940,6
UCSPacMan,MyGhosts,132.03,17900,6
BFSPacMan,MyGhosts,132.4,17370,7
UCSPacMan,MyGhosts,105.27,17120,5
AStarPacMan,MyGhosts,79.5,16900,3
BFSPacMan,MyGhosts,113.47,16580,5
GreedyPacMan,MyGhosts,115.47,16570,6
BFSPacMan,MyGhosts,119.43,16250,6
BFSPacMan,MyGhosts,115.65,16100,6
UCSPacMan,MyGhosts,116.58,16100,6
BFSPacMan,MyGhosts,109.27,15970,5
BFSPacMan,MyGhosts,118.92,15860,6
BFSPacMan,MyGhosts,123.87,15850,6
GreedyPacMan,MyGhosts,123.22,15640,6
BFSPacMan,MyGhosts,119.18,15610,6
GreedyPacMan,MyGhosts,116.72,15610,6
UCSPacMan,MyGhosts,93.67,15460,5
UCSPacMan,MyGhosts,116.38,15410,6
GreedyPacMan,MyGhosts,112.37,15290,5
GreedyPacMan,MyGhosts,109.65,15270,5
GreedyPacMan,MyGhosts,105.57,15250,5
GreedyPacMan,MyGhosts,122.32,15250,6
BFSPacMan,MyGhosts,106.78,15240,5
BFSPacMan,MyGhosts,114.97,15200,5
BFSPacMan,MyGhosts,119.7,14950,6
BFSPacMan,MyGhosts,103.28,14900,5
UCSPacMan,MyGhosts,122.18,14720,6
GreedyPacMan,MyGhosts,116.58,14700,5
BFSPacMan,MyGhosts,110.33,14570,5
GreedyPacMan,MyGhosts,118.37,14570,5
BFSPacMan,MyGhosts,108.48,14500,5
GreedyPacMan,MyGhosts,118.75,14500,5
BFSPacMan,MyGhosts,103.03,14390,5
BFSPacMan,MyGhosts,125.45,14380,6
GreedyPacMan,MyGhosts,93.05,14360,5
UCSPacMan,MyGhosts,114.87,14270,5
BFSPacMan,MyGhosts,106.6,14150,5
BFSPacMan,MyGhosts,91.67,14110,5
BFSPacMan,MyGhosts,111.17,14110,5
GreedyPacMan,MyGhosts,108.45,14110,5
BFSPacMan,MyGhosts,112.88,14100,6
BFSPacMan,MyGhosts,98.13,13960,5
GreedyPacMan,MyGhosts,117.28,13900,5
BFSPacMan,MyGhosts,103.3,13590,5
BFSPacMan,MyGhosts,96.92,13220,5
BFSPacMan,MyGhosts,79.37,13130,4
GreedyPacMan,MyGhosts,96.73,13080,5
UCSPacMan,MyGhosts,101.45,13050,5
GreedyPacMan,MyGhosts,101.65,13030,5
UCSPacMan,MyGhosts,78.88,12940,4
UCSPacMan,MyGhosts,100.55,12880,5
GreedyPacMan,MyGhosts,84.17,12730,4
BFSPacMan,MyGhosts,97.85,12710,5
GreedyPacMan,MyGhosts,91.2,12530,5
BFSPacMan,MyGhosts,101.47,12520,5
BFSPacMan,MyGhosts,107.37,12450,5
BFSPacMan,MyGhosts,99.98,12410,5
BFSPacMan,MyGhosts,105.0,12330,5
BFSPacMan,MyGhosts,65.88,12160,3
GreedyPacMan,MyGhosts,97.57,12160,4
BFSPacMan,MyGhosts,95.52,12070,5
BFSPacMan,MyGhosts,92.3,11780,5
BFSPacMan,MyGhosts,67.12,11760,3
UCSPacMan,MyGhosts,85.3,11630,4
UCSPacMan,MyGhosts,90.0,11570,4
UCSPacMan,MyGhosts,71.7,11570,3
UCSPacMan,MyGhosts,91.25,11560,4
UCSPacMan,MyGhosts,86.52,11560,4
BFSPacMan,MyGhosts,68.6,11370,3
UCSPacMan,MyGhosts,69.6,10940,3
GreedyPacMan,MyGhosts,69.62,10620,3
BFSPacMan,MyGhosts,66.17,10390,3
BFSPacMan,MyGhosts,69.57,9940,3
BFSPacMan,MyGhosts,68.53,9930,3
BFSPacMan,MyGhosts,69.75,9890,3
BFSPacMan,MyGhosts,63.65,9890,3
BFSPacMan,MyGhosts,64.75,9890,3
BFSPacMan,MyGhosts,66.28,9850,3
UCSPacMan,MyGhosts,79.67,9830,4
BFSPacMan,MyGhosts,70.22,9770,3
GreedyPacMan,MyGhosts,67.45,9750,3
BFSPacMan,MyGhosts,74.55,9650,4
UCSPacMan,MyGhosts,82.27,9630,4
UCSPacMan,MyGhosts,62.2,9590,3
BFSPacMan,MyGhosts,58.45,9570,3
AStarPacMan,MyGhosts,106.8,9540,3
GreedyPacMan,MyGhosts,61.68,9490,3
BFSPacMan,MyGhosts,48.37,9460,3
GreedyPacMan,MyGhosts,50.17,9450,3
GreedyPacMan,MyGhosts,72.65,9370,3
BFSPacMan,MyGhosts,67.47,9360,3
GreedyPacMan,MyGhosts,65.7,9350,3
BFSPacMan,MyGhosts,67.45,9340,4
UCSPacMan,MyGhosts,51.02,9290,3
GreedyPacMan,MyGhosts,59.92,9200,3
UCSPacMan,MyGhosts,69.13,9110,3
UCSPacMan,MyGhosts,64.18,9030,3
BFSPacMan,MyGhosts,59.98,8990,3
BFSPacMan,MyGhosts,68.63,8980,4
BFSPacMan,MyGhosts,59.3,8960,3
GreedyPacMan,MyGhosts,41.85,8940,2
BFSPacMan,MyGhosts,65.45,8910,3
BFSPacMan,MyGhosts,59.67,8890,3
BFSPacMan,MyGhosts,47.15,8860,3
BFSPacMan,MyGhosts,50.13,8840,3
BFSPacMan,MyGhosts,60.15,8840,3
GreedyPacMan,MyGhosts,48.67,8840,3
GreedyPacMan,MyGhosts,50.12,8790,2
BFSPacMan,MyGhosts,67.35,8770,3
GreedyPacMan,MyGhosts,70.02,8770,3
GreedyPacMan,MyGhosts,68.9,8760,3
UCSPacMan,MyGhosts,69.12,8600,3
UCSPacMan,MyGhosts,46.47,8580,2
GreedyPacMan,MyGhosts,67.88,8570,3
BFSPacMan,MyGhosts,63.92,8490,3
UCSPacMan,MyGhosts,51.62,8490,3
UCSPacMan,MyGhosts,52.17,8480,3
BFSPacMan,MyGhosts,63.42,8440,3
BFSPacMan,MyGhosts,66.12,8360,3
BFSPacMan,MyGhosts,58.6,8280,3
BFSPacMan,MyGhosts,51.57,8260,3
BFSPacMan,MyGhosts,59.3,8090,3
GreedyPacMan,MyGhosts,52.92,8080,3
GreedyPacMan,MyGhosts,63.9,8060,3
BFSPacMan,MyGhosts,49.82,8050,3
UCSPacMan,MyGhosts,59.33,8010,3
BFSPacMan,MyGhosts,43.55,7980,2
GreedyPacMan,MyGhosts,48.0,7860,3
GreedyPacMan,MyGhosts,43.02,7860,3
GreedyPacMan,MyGhosts,51.38,7840,3
BFSPacMan,MyGhosts,59.73,7830,3
UCSPacMan,MyGhosts,68.33,7830,3
BFSPacMan,MyGhosts,42.45,7810,2
UCSPacMan,MyGhosts,53.88,7780,3
UCSPacMan,MyGhosts,52.35,7720,3
UCSPacMan,MyGhosts,59.28,7690,3
UCSPacMan,MyGhosts,46.4,7660,3
BFSPacMan,MyGhosts,58.77,7610,3
UCSPacMan,MyGhosts,45.32,7450,3
GreedyPacMan,MyGhosts,50.12,7450,3
UCSPacMan,MyGhosts,51.48,7370,3
BFSPacMan,MyGhosts,27.38,7340,2
BFSPacMan,MyGhosts,46.72,7260,3
BFSPacMan,MyGhosts,47.42,7250,3
BFSPacMan,MyGhosts,52.33,7250,3
UCSPacMan,MyGhosts,50.65,7250,3
UCSPacMan,MyGhosts,49.07,7250,3
UCSPacMan,MyGhosts,54.9,7160,3
GreedyPacMan,MyGhosts,58.33,7130,3
BFSPacMan,MyGhosts,39.78,7080,2
UCSPacMan,MyGhosts,51.52,7080,3
BFSPacMan,MyGhosts,49.8,7060,3
BFSPacMan,MyGhosts,46.42,7040,3
GreedyPacMan,MyGhosts,48.48,7040,3
BFSPacMan,MyGhosts,51.48,7030,3
BFSPacMan,MyGhosts,53.15,6980,3
GreedyPacMan,MyGhosts,47.92,6980,2
UCSPacMan,MyGhosts,45.28,6950,3
UCSPacMan,MyGhosts,50.52,6890,3
BFSPacMan,MyGhosts,56.48,6880,3
BFSPacMan,MyGhosts,50.15,6860,3
BFSPacMan,MyGhosts,48.7,6850,3
GreedyPacMan,MyGhosts,53.08,6850,3
BFSPacMan,MyGhosts,52.13,6830,3
UCSPacMan,MyGhosts,43.4,6800,2
UCSPacMan,MyGhosts,43.43,6780,2
BFSPacMan,MyGhosts,44.85,6770,2
UCSPacMan,MyGhosts,58.93,6760,3
UCSPacMan,MyGhosts,52.68,6720,3
UCSPacMan,MyGhosts,55.57,6720,3
UCSPacMan,MyGhosts,52.68,6680,3
BFSPacMan,MyGhosts,48.03,6640,3
GreedyPacMan,MyGhosts,47.38,6640,3
UCSPacMan,MyGhosts,40.23,6580,2
GreedyPacMan,MyGhosts,41.62,6570,2
UCSPacMan,MyGhosts,53.4,6530,3
UCSPacMan,MyGhosts,50.23,6480,3
BFSPacMan,MyGhosts,48.23,6440,3
BFSPacMan,MyGhosts,48.93,6440,3
BFSPacMan,MyGhosts,44.93,6420,2
BFSPacMan,MyGhosts,42.15,6410,2
BFSPacMan,MyGhosts,30.03,6410,2
GreedyPacMan,MyGhosts,40.22,6400,2
BFSPacMan,MyGhosts,48.33,6250,3
UCSPacMan,MyGhosts,46.5,6200,3
BFSPacMan,MyGhosts,34.27,6180,2
GreedyPacMan,MyGhosts,45.63,6180,2
BFSPacMan,MyGhosts,40.0,6170,2
BFSPacMan,MyGhosts,28.8,6100,2
BFSPacMan,MyGhosts,47.22,6080,3
BFSPacMan,MyGhosts,50.0,6080,3
GreedyPacMan,MyGhosts,44.02,6080,3
GreedyPacMan,MyGhosts,37.42,6080,2
BFSPacMan,MyGhosts,26.18,6070,2
UCSPacMan,MyGhosts,47.35,6050,3
GreedyPacMan,MyGhosts,45.23,6050,3
UCSPacMan,MyGhosts,43.42,6040,3
GreedyPacMan,MyGhosts,46.68,6040,3
BFSPacMan,MyGhosts,28.05,6010,2
BFSPacMan,MyGhosts,43.53,5990,2
GreedyPacMan,MyGhosts,26.9,5990,2
BFSPacMan,MyGhosts,47.03,5980,2
GreedyPacMan,MyGhosts,43.57,5980,2
BFSPacMan,MyGhosts,46.77,5880,3
UCSPacMan,MyGhosts,44.37,5870,2
BFSPacMan,MyGhosts,45.45,5820,2
BFSPacMan,MyGhosts,45.2,5800,2
BFSPacMan,MyGhosts,44.52,5800,2
UCSPacMan,MyGhosts,30.25,5770,2
GreedyPacMan,MyGhosts,41.6,5770,2
BFSPacMan,MyGhosts,33.47,5730,2
GreedyPacMan,MyGhosts,26.23,5730,2
BFSPacMan,MyGhosts,49.9,5680,3
BFSPacMan,MyGhosts,48.2,5640,3
UCSPacMan,MyGhosts,40.03,5620,2
BFSPacMan,MyGhosts,34.77,5610,2
BFSPacMan,MyGhosts,34.5,5590,2
BFSPacMan,MyGhosts,31.3,5590,2
AStarPacMan,MyGhosts,35.58,5590,1
UCSPacMan,MyGhosts,32.4,5570,2
GreedyPacMan,MyGhosts,44.23,5570,2
BFSPacMan,MyGhosts,44.1,5550,2
BFSPacMan,MyGhosts,43.05,5530,2
BFSPacMan,MyGhosts,45.97,5440,3
UCSPacMan,MyGhosts,44.5,5440,2
UCSPacMan,MyGhosts,30.65,5390,2
UCSPacMan,MyGhosts,42.3,5340,2
GreedyPacMan,MyGhosts,33.67,5280,2
UCSPacMan,MyGhosts,44.13,5260,2
UCSPacMan,MyGhosts,43.17,5220,2
UCSPacMan,MyGhosts,40.38,5200,2
UCSPacMan,MyGhosts,43.17,5190,2
UCSPacMan,MyGhosts,43.3,5080,2
GreedyPacMan,MyGhosts,40.02,5070,2
BFSPacMan,MyGhosts,33.15,5050,2
BFSPacMan,MyGhosts,28.97,4990,2
BFSPacMan,MyGhosts,38.13,4870,2
BFSPacMan,MyGhosts,39.12,4870,2
BFSPacMan,MyGhosts,32.68,4840,2
BFSPacMan,MyGhosts,34.73,4840,2
GreedyPacMan,MyGhosts,25.4,4820,2
BFSPacMan,MyGhosts,23.18,4690,2
GreedyPacMan,MyGhosts,33.2,4600,2
BFSPacMan,MyGhosts,30.48,4590,2
BFSPacMan,MyGhosts,32.67,4580,2
UCSPacMan,MyGhosts,35.63,4580,2
GreedyPacMan,MyGhosts,33.58,4480,2
BFSPacMan,MyGhosts,27.6,4430,2
BFSPacMan,MyGhosts,34.85,4420,2
UCSPacMan,MyGhosts,33.0,4420,2
GreedyPacMan,MyGhosts,31.27,4400,2
BFSPacMan,MyGhosts,30.98,4390,2
UCSPacMan,MyGhosts,31.8,4390,2
UCSPacMan,MyGhosts,30.78,4390,2
BFSPacMan,MyGhosts,36.88,4360,2
GreedyPacMan,MyGhosts,22.78,4350,1
BFSPacMan,MyGhosts,30.0,4340,2
BFSPacMan,MyGhosts,33.53,4280,2
GreedyPacMan,MyGhosts,29.17,4280,2
BFSPacMan,MyGhosts,31.17,4250,2
BFSPacMan,MyGhosts,29.75,4250,2
GreedyPacMan,MyGhosts,29.72,4210,2
BFSPacMan,MyGhosts,33.3,4190,2
BFSPacMan,MyGhosts,25.42,4190,2
UCSPacMan,MyGhosts,20.63,4190,1
GreedyPacMan,MyGhosts,32.63,4190,2
AStarPacMan,MyGhosts,37.98,4150,1
BFSPacMan,MyGhosts,28.1,4140,2
BFSPacMan,MyGhosts,24.07,4120,2
GreedyPacMan,MyGhosts,24.48,4090,2
BFSPacMan,MyGhosts,26.23,4070,2
BFSPacMan,MyGhosts,33.32,4060,2
BFSPacMan,MyGhosts,24.02,4040,2
BFSPacMan,MyGhosts,24.85,4030,2
GreedyPacMan,MyGhosts,24.85,4030,2
GreedyPacMan,MyGhosts,29.38,3970,2
BFSPacMan,MyGhosts,27.0,3960,2
BFSPacMan,MyGhosts,23.25,3960,1
AStarPacMan,MyGhosts,31.63,3950,1
GreedyPacMan,MyGhosts,24.1,3940,2
BFSPacMan,MyGhosts,30.83,3930,2
GreedyPacMan,MyGhosts,27.37,3920,2
AStarPacMan,MyGhosts,69.45,3910,2
GreedyPacMan,MyGhosts,24.8,3870,2
DFSPacMan,MyGhosts,400.0,3860,6
GreedyPacMan,MyGhosts,33.57,3820,2
GreedyPacMan,MyGhosts,24.55,3780,1
UCSPacMan,MyGhosts,24.78,3770,2
BFSPacMan,MyGhosts,28.5,3760,2
GreedyPacMan,MyGhosts,27.52,3740,2
BFSPacMan,MyGhosts,25.25,3700,2
GreedyPacMan,MyGhosts,24.5,3690,2
BFSPacMan,MyGhosts,32.0,3680,2
BFSPacMan,MyGhosts,23.12,3670,1
DFSPacMan,MyGhosts,400.0,3650,6
GreedyPacMan,MyGhosts,25.2,3650,2
BFSPacMan,MyGhosts,28.73,3630,2
BFSPacMan,MyGhosts,26.23,3620,2
UCSPacMan,MyGhosts,27.4,3610,2
BFSPacMan,MyGhosts,25.2,3600,2
GreedyPacMan,MyGhosts,16.65,3600,1
BFSPacMan,MyGhosts,27.87,3590,2
BFSPacMan,MyGhosts,24.52,3590,1
BFSPacMan,MyGhosts,21.55,3580,1
GreedyPacMan,MyGhosts,25.92,3580,2
GreedyPacMan,MyGhosts,33.77,3570,2
GreedyPacMan,MyGhosts,26.55,3560,2
BFSPacMan,MyGhosts,31.15,3520,2
GreedyPacMan,MyGhosts,24.58,3510,1
BFSPacMan,MyGhosts,27.12,3500,2
BFSPacMan,MyGhosts,22.98,3500,1
BFSPacMan,MyGhosts,22.87,3490,2
UCSPacMan,MyGhosts,25.1,3490,2
GreedyPacMan,MyGhosts,27.42,3490,2
GreedyPacMan,MyGhosts,25.97,3490,2
BFSPacMan,MyGhosts,29.53,3450,2
BFSPacMan,MyGhosts,26.82,3380,2
BFSPacMan,MyGhosts,30.4,3380,2
UCSPacMan,MyGhosts,24.37,3380,1
AStarPacMan,MyGhosts,38.88,3350,1
GreedyPacMan,MyGhosts,18.35,3300,1
UCSPacMan,MyGhosts,27.38,3290,2
GreedyPacMan,MyGhosts,25.75,3290,2
BFSPacMan,MyGhosts,26.57,3270,2
BFSPacMan,MyGhosts,26.98,3270,2
GreedyPacMan,MyGhosts,29.83,3270,2
BFSPacMan,MyGhosts,25.45,3240,2
BFSPacMan,MyGhosts,28.1,3230,2
BFSPacMan,MyGhosts,21.18,3200,1
BFSPacMan,MyGhosts,25.5,3190,1
BFSPacMan,MyGhosts,22.3,3190,1
BFSPacMan,MyGhosts,23.83,3160,1
GreedyPacMan,MyGhosts,22.78,3130,1
GreedyPacMan,MyGhosts,16.98,3130,1
BFSPacMan,MyGhosts,29.78,3120,2
BFSPacMan,MyGhosts,23.7,3080,2
GreedyPacMan,MyGhosts,31.77,3080,2
BFSPacMan,MyGhosts,24.12,3070,1
UCSPacMan,MyGhosts,20.83,3070,1
BFSPacMan,MyGhosts,25.23,3030,2
DFSPacMan,MyGhosts,400.0,3030,6
BFSPacMan,MyGhosts,19.57,3020,1
BFSPacMan,MyGhosts,21.55,2980,1
BFSPacMan,MyGhosts,21.65,2980,1
DFSPacMan,MyGhosts,400.0,2970,6
BFSPacMan,MyGhosts,23.57,2960,2
BFSPacMan,MyGhosts,36.5,2950,1
UCSPacMan,MyGhosts,26.63,2950,1
GreedyPacMan,MyGhosts,25.87,2950,1
BFSPacMan,MyGhosts,21.57,2940,1
BFSPacMan,MyGhosts,27.72,2940,1
BFSPacMan,MyGhosts,23.45,2940,2
UCSPacMan,MyGhosts,28.88,2920,2
BFSPacMan,MyGhosts,20.2,2840,1
DFSPacMan,MyGhosts,400.0,2840,6
GreedyPacMan,MyGhosts,20.2,2840,1
BFSPacMan,MyGhosts,23.78,2830,1
UCSPacMan,MyGhosts,19.47,2800,1
BFSPacMan,MyGhosts,21.48,2780,1
GreedyPacMan,MyGhosts,26.63,2770,1
UCSPacMan,MyGhosts,19.5,2700,1
BFSPacMan,MyGhosts,19.6,2670,1
DFSPacMan,MyGhosts,400.0,2670,6
UCSPacMan,MyGhosts,24.07,2670,1
BFSPacMan,MyGhosts,21.55,2650,1
BFSPacMan,MyGhosts,21.53,2650,1
BFSPacMan,MyGhosts,21.87,2640,1
UCSPacMan,MyGhosts,22.42,2600,1
UCSPacMan,MyGhosts,17.07,2600,1
GreedyPacMan,MyGhosts,22.9,2580,1
BFSPacMan,MyGhosts,22.7,2530,1
UCSPacMan,MyGhosts,17.18,2520,1
GreedyPacMan,MyGhosts,17.57,2520,1
DFSPacMan,MyGhosts,400.0,2490,6
UCSPacMan,MyGhosts,18.58,2440,1
BFSPacMan,MyGhosts,22.65,2410,1
DFSPacMan,MyGhosts,400.0,2400,6
BFSPacMan,MyGhosts,17.45,2400,1
UCSPacMan,MyGhosts,20.8,2330,1
UCSPacMan,MyGhosts,16.38,2300,1
UCSPacMan,MyGhosts,22.63,2300,1
UCSPacMan,MyGhosts,19.25,2280,1
DFSPacMan,MyGhosts,400.0,2240,6
UCSPacMan,MyGhosts,20.12,2190,1
BFSPacMan,MyGhosts,13.38,2170,1
BFSPacMan,MyGhosts,17.1,2170,1
UCSPacMan,MyGhosts,18.23,2170,1
GreedyPacMan,MyGhosts,13.38,2170,1
GreedyPacMan,MyGhosts,17.83,2030,1
UCSPacMan,MyGhosts,17.13,2010,1
GreedyPacMan,MyGhosts,13.32,1970,1
UCSPacMan,MyGhosts,12.4,1900,1
UCSPacMan,MyGhosts,13.0,1760,1
GreedyPacMan,MyGhosts,11.42,1680,1
DFSPacMan,MyGhosts,280.65,1660,5
BFSPacMan,MyGhosts,13.9,1610,1
DFSPacMan,MyGhosts,276.92,1590,5
DFSPacMan,MyGhosts,272.45,1560,5
DFSPacMan,MyGhosts,288.07,1510,5
DFSPacMan,MyGhosts,271.92,1420,5
DFSPacMan,MyGhosts,274.45,1380,5
DFSPacMan,MyGhosts,270.87,1260,5
DFSPacMan,MyGhosts,284.6,1230,5
DFSPacMan,MyGhosts,272.87,1230,5
DFSPacMan,MyGhosts,286.33,1170,5
UCSPacMan,MyGhosts,10.02,1170,1
DFSPacMan,MyGhosts,270.67,1100,5
DFSPacMan,MyGhosts,271.08,1100,5
DFSPacMan,MyGhosts,279.95,1050,5
DFSPacMan,MyGhosts,277.37,1030,5
DFSPacMan,MyGhosts,202.0,1010,4
DFSPacMan,MyGhosts,206.55,1010,4
DFSPacMan,MyGhosts,204.1,1000,4
DFSPacMan,MyGhosts,277.32,1000,5
BFSPacMan,MyGhosts,10.37,1000,1
DFSPacMan,MyGhosts,274.3,980,5
DFSPacMan,MyGhosts,209.45,970,4
DFSPacMan,MyGhosts,201.85,960,4
DFSPacMan,MyGhosts,203.97,960,4
DFSPacMan,MyGhosts,203.88,950,4
DFSPacMan,MyGhosts,203.83,920,4
DFSPacMan,MyGhosts,204.18,920,4
DFSPacMan,MyGhosts,202.0,910,4
DFSPacMan,MyGhosts,201.85,870,4
DFSPacMan,MyGhosts,202.0,870,4
DFSPacMan,MyGhosts,216.18,850,4
DFSPacMan,MyGhosts,205.88,850,4
DFSPacMan,MyGhosts,203.6,830,4
DFSPacMan,MyGhosts,204.17,830,4
DFSPacMan,MyGhosts,203.92,810,4
DFSPacMan,MyGhosts,203.97,810,4
DFSPacMan,MyGhosts,237.8,810,4
DFSPacMan,MyGhosts,202.33,780,4
DFSPacMan,MyGhosts,218.87,780,4
DFSPacMan,MyGhosts,204.12,770,4
DFSPacMan,MyGhosts,202.17,770,4
DFSPacMan,MyGhosts,205.67,760,4
DFSPacMan,MyGhosts,202.0,750,4
DFSPacMan,MyGhosts,201.8,750,4
DFSPacMan,MyGhosts,204.17,720,4
DFSPacMan,MyGhosts,204.2,710,4
DFSPacMan,MyGhosts,203.77,710,4
BFSPacMan,MyGhosts,7.85,710,1
DFSPacMan,MyGhosts,201.92,690,4
DFSPacMan,MyGhosts,34.62,670,1
DFSPacMan,MyGhosts,204.17,670,4
DFSPacMan,MyGhosts,201.8,670,4
DFSPacMan,MyGhosts,204.23,660,4
DFSPacMan,MyGhosts,214.97,650,4
DFSPacMan,MyGhosts,63.23,650,1
DFSPacMan,MyGhosts,206.7,640,4
DFSPacMan,MyGhosts,205.55,640,4
DFSPacMan,MyGhosts,204.48,640,4
DFSPacMan,MyGhosts,205.62,640,4
DFSPacMan,MyGhosts,205.88,640,4
DFSPacMan,MyGhosts,204.28,640,4
DFSPacMan,MyGhosts,206.02,640,4
DFSPacMan,MyGhosts,205.73,640,4
DFSPacMan,MyGhosts,206.78,640,4
DFSPacMan,MyGhosts,206.25,640,4
DFSPacMan,MyGhosts,206.08,640,4
DFSPacMan,MyGhosts,206.08,640,4
DFSPacMan,MyGhosts,24.13,610,1
DFSPacMan,MyGhosts,204.17,600,4
DFSPacMan,MyGhosts,202.0,600,4
DFSPacMan,MyGhosts,25.87,590,1
DFSPacMan,MyGhosts,28.87,590,1
DFSPacMan,MyGhosts,30.33,590,1
DFSPacMan,MyGhosts,22.4,580,1
DFSPacMan,MyGhosts,206.18,570,4
DFSPacMan,MyGhosts,205.85,570,4
DFSPacMan,MyGhosts,19.37,570,1
DFSPacMan,MyGhosts,205.72,570,4
DFSPacMan,MyGhosts,205.48,570,4
DFSPacMan,MyGhosts,207.12,570,4
DFSPacMan,MyGhosts,21.73,570,1
DFSPacMan,MyGhosts,206.12,570,4
DFSPacMan,MyGhosts,202.12,570,4
DFSPacMan,MyGhosts,203.78,570,4
DFSPacMan,MyGhosts,205.48,570,4
DFSPacMan,MyGhosts,205.93,570,4
DFSPacMan,MyGhosts,23.2,550,1
DFSPacMan,MyGhosts,22.65,540,1
DFSPacMan,MyGhosts,16.58,540,1
DFSPacMan,MyGhosts,20.42,540,1
DFSPacMan,MyGhosts,21.57,520,1
DFSPacMan,MyGhosts,14.27,510,1
DFSPacMan,MyGhosts,17.88,500,1
DFSPacMan,MyGhosts,17.27,500,1
DFSPacMan,MyGhosts,19.18,480,1
DFSPacMan,MyGhosts,17.62,480,1
DFSPacMan,MyGhosts,15.62,480,1
DFSPacMan,MyGhosts,18.55,470,1
DFSPacMan,MyGhosts,16.7,470,1
DFSPacMan,MyGhosts,14.17,470,1
DFSPacMan,MyGhosts,25.3,470,1
DFSPacMan,MyGhosts,14.92,460,1
DFSPacMan,MyGhosts,23.58,460,1
DFSPacMan,MyGhosts,16.0,460,1
DFSPacMan,MyGhosts,17.83,460,1
DFSPacMan,MyGhosts,24.58,460,1
DFSPacMan,MyGhosts,17.22,460,1
DFSPacMan,MyGhosts,21.08,450,1
DFSPacMan,MyGhosts,22.12,450,1
DFSPacMan,MyGhosts,19.77,450,1
DFSPacMan,MyGhosts,18.03,450,1
DFSPacMan,MyGhosts,14.0,450,1
DFSPacMan,MyGhosts,16.53,440,1
DFSPacMan,MyGhosts,16.2,440,1
DFSPacMan,MyGhosts,13.98,440,1
DFSPacMan,MyGhosts,18.6,440,1
DFSPacMan,MyGhosts,15.83,430,1
DFSPacMan,MyGhosts,18.07,430,1
DFSPacMan,MyGhosts,25.1,430,1
DFSPacMan,MyGhosts,14.8,420,1
DFSPacMan,MyGhosts,14.12,420,1
DFSPacMan,MyGhosts,12.15,420,1
DFSPacMan,MyGhosts,13.7,420,1
DFSPacMan,MyGhosts,13.63,420,1
DFSPacMan,MyGhosts,13.68,420,1
DFSPacMan,MyGhosts,11.5,420,1
DFSPacMan,MyGhosts,21.03,410,1
DFSPacMan,MyGhosts,14.2,410,1
DFSPacMan,MyGhosts,12.83,410,1
DFSPacMan,MyGhosts,17.0,410,1
DFSPacMan,MyGhosts,15.13,410,1
DFSPacMan,MyGhosts,21.58,410,1
DFSPacMan,MyGhosts,14.32,400,1
DFSPacMan,MyGhosts,14.32,400,1
DFSPacMan,MyGhosts,14.97,390,1
DFSPacMan,MyGhosts,13.92,390,1
DFSPacMan,MyGhosts,16.12,390,1
DFSPacMan,MyGhosts,15.2,390,1
DFSPacMan,MyGhosts,13.63,380,1
DFSPacMan,MyGhosts,14.53,380,1
DFSPacMan,MyGhosts,14.67,380,1
DFSPacMan,MyGhosts,19.75,380,1
DFSPacMan,MyGhosts,16.68,380,1
DFSPacMan,MyGhosts,13.07,370,1
DFSPacMan,MyGhosts,17.9,370,1
DFSPacMan,MyGhosts,18.6,360,1
DFSPacMan,MyGhosts,14.43,350,1
DFSPacMan,MyGhosts,21.2,350,1
DFSPacMan,MyGhosts,14.83,350,1
DFSPacMan,MyGhosts,18.45,340,1
DFSPacMan,MyGhosts,20.47,340,1
DFSPacMan,MyGhosts,19.67,340,1
DFSPacMan,MyGhosts,17.8,340,1
DFSPacMan,MyGhosts,18.08,340,1
DFSPacMan,MyGhosts,18.72,330,1
DFSPacMan,MyGhosts,17.15,330,1
DFSPacMan,MyGhosts,20.87,330,1
DFSPacMan,MyGhosts,14.42,330,1
DFSPacMan,MyGhosts,21.25,320,1
DFSPacMan,MyGhosts,12.88,320,1
DFSPacMan,MyGhosts,13.3,320,1
DFSPacMan,MyGhosts,12.88,320,1
DFSPacMan,MyGhosts,14.12,320,1
DFSPacMan,MyGhosts,15.73,320,1
DFSPacMan,MyGhosts,17.73,310,1
DFSPacMan,MyGhosts,15.75,310,1
DFSPacMan,MyGhosts,13.92,310,1
DFSPacMan,MyGhosts,14.4,300,1
DFSPacMan,MyGhosts,17.32,300,1
DFSPacMan,MyGhosts,11.67,300,1
DFSPacMan,MyGhosts,12.42,290,1
DFSPacMan,MyGhosts,12.42,290,1
DFSPacMan,MyGhosts,15.75,250,1
DFSPacMan,MyGhosts,14.9,250,1
DFSPacMan,MyGhosts,11.93,250,1
DFSPacMan,MyGhosts,15.53,250,1
DFSPacMan,MyGhosts,15.85,250,1
DFSPacMan,MyGhosts,14.55,250,1
DFSPacMan,MyGhosts,14.45,250,1
DFSPacMan,MyGhosts,14.68,250,1
DFSPacMan,MyGhosts,15.82,250,1
DFSPacMan,MyGhosts,14.6,250,1
DFSPacMan,MyGhosts,16.95,250,1
DFSPacMan,MyGhosts,16.02,250,1
DFSPacMan,MyGhosts,10.72,250,1
DFSPacMan,MyGhosts,12.7,240,1
DFSPacMan,MyGhosts,13.87,240,1
DFSPacMan,MyGhosts,10.02,220,1
DFSPacMan,MyGhosts,11.7,220,1
DFSPacMan,MyGhosts,11.9,220,1
DFSPacMan,MyGhosts,12.82,220,1
DFSPacMan,MyGhosts,10.12,220,1
DFSPacMan,MyGhosts,11.7,220,1
DFSPacMan,MyGhosts,12.9,220,1
DFSPacMan,MyGhosts,17.166666666666668,390,1
DFSPacMan,MyGhosts,203.68333333333334,670,4
DFSPacMan,MyGhosts,13.333333333333334,250,1
DFSPacMan,MyGhosts,16.983333333333334,420,1
DFSPacMan,MyGhosts,202.0,820,4
DFSPacMan,MyGhosts,13.833333333333334,420,1
DFSPacMan,MyGhosts,14.183333333333334,250,1
DFSPacMan,MyGhosts,20.15,360,1
DFSPacMan,MyGhosts,21.583333333333332,400,1
DFSPacMan,MyGhosts,20.15,360,1
DFSPacMan,MyGhosts,203.95,750,4
DFSPacMan,MyGhosts,202.11666666666667,960,4
DFSPacMan,MyGhosts,13.533333333333333,250,1
DFSPacMan,MyGhosts,20.15,360,1
DFSPacMan,MyGhosts,11.266666666666667,360,1
DFSPacMan,MyGhosts,202.0,810,4
DFSPacMan,MyGhosts,18.866666666666667,350,1
DFSPacMan,MyGhosts,10.933333333333334,360,1
DFSPacMan,MyGhosts,20.15,360,1
DFSPacMan,MyGhosts,18.983333333333334,350,1
DFSPacMan,MyGhosts,16.75,300,1
DFSPacMan,MyGhosts,14.366666666666667,290,1
DFSPacMan,MyGhosts,19.033333333333335,270,1
DFSPacMan,MyGhosts,201.78333333333333,670,4
DFSPacMan,MyGhosts,18.766666666666666,300,1
DFSPacMan,MyGhosts,273.4166666666667,1020,5
DFSPacMan,MyGhosts,203.96666666666667,670,4
DFSPacMan,MyGhosts,20.15,360,1
DFSPacMan,MyGhosts,22.283333333333335,320,1
DFSPacMan,MyGhosts,16.45,480,1
DFSPacMan,MyGhosts,27.983333333333334,410,1
DFSPacMan,MyGhosts,20.15,360,1
DFSPacMan,MyGhosts,204.28333333333333,670,4
DFSPacMan,MyGhosts,16.366666666666667,380,1
DFSPacMan,MyGhosts,19.583333333333332,440,1
DFSPacMan,MyGhosts,20.15,360,1
DFSPacMan,MyGhosts,14.283333333333333,250,1
DFSPacMan,MyGhosts,17.816666666666666,250,1
DFSPacMan,MyGhosts,17.35,450,1
DFSPacMan,MyGhosts,20.15,360,1
DFSPacMan,MyGhosts,17.433333333333334,430,1
DFSPacMan,MyGhosts,19.0,320,1
DFSPacMan,MyGhosts,13.816666666666666,420,1
DFSPacMan,MyGhosts,203.68333333333334,640,4
DFSPacMan,MyGhosts,11.5,340,1
DFSPacMan,MyGhosts,20.15,360,1
DFSPacMan,MyGhosts,21.5,540,1
DFSPacMan,MyGhosts,274.1333333333333,1160,5
DFSPacMan,MyGhosts,20.15,360,1
DFSPacMan,MyGhosts,204.43333333333334,670,4
DFSPacMan,MyGhosts,202.03333333333333,680,4
DFSPacMan,MyGhosts,23.566666666666666,390,1
DFSPacMan,MyGhosts,14.533333333333333,250,1
DFSPacMan,MyGhosts,15.666666666666666,250,1
DFSPacMan,MyGhosts,14.2,390,1
DFSPacMan,MyGhosts,202.33333333333334,970,4
DFSPacMan,MyGhosts,23.466666666666665,500,1
DFSPacMan,MyGhosts,19.2,350,1
DFSPacMan,MyGhosts,219.48333333333332,970,4
DFSPacMan,MyGhosts,201.78333333333333,600,4
DFSPacMan,MyGhosts,20.15,360,1
DFSPacMan,MyGhosts,23.316666666666666,610,1
DFSPacMan,MyGhosts,23.033333333333335,340,1
DFSPacMan,MyGhosts,17.483333333333334,250,1
DFSPacMan,MyGhosts,20.15,360,1
DFSPacMan,MyGhosts,204.05,740,4
DFSPacMan,MyGhosts,14.816666666666666,320,1
DFSPacMan,MyGhosts,19.566666666666666,480,1
DFSPacMan,MyGhosts,20.15,360,1
DFSPacMan,MyGhosts,14.333333333333334,250,1
DFSPacMan,MyGhosts,14.433333333333334,250,1
DFSPacMan,MyGhosts,58.21666666666667,570,1
DFSPacMan,MyGhosts,20.15,360,1
DFSPacMan,MyGhosts,203.55,670,4
DFSPacMan,MyGhosts,203.78333333333333,740,4
DFSPacMan,MyGhosts,20.166666666666668,540,1
DFSPacMan,MyGhosts,202.0,850,4
DFSPacMan,MyGhosts,20.15,360,1
DFSPacMan,MyGhosts,203.88333333333333,670,4
DFSPacMan,MyGhosts,24.983333333333334,350,1
DFSPacMan,MyGhosts,20.15,360,1
DFSPacMan,MyGhosts,13.866666666666667,250,1
DFSPacMan,MyGhosts,19.766666666666666,380,1
DFSPacMan,MyGhosts,22.383333333333333,510,1
DFSPacMan,MyGhosts,14.883333333333333,430,1
DFSPacMan,MyGhosts,18.683333333333334,380,1
DFSPacMan,MyGhosts,18.25,250,1
DFSPacMan,MyGhosts,20.15,360,1
DFSPacMan,MyGhosts,20.15,360,1
DFSPacMan,MyGhosts,11.5,350,1
DFSPacMan,MyGhosts,20.15,360,1
DFSPacMan,MyGhosts,15.95,300,1
DFSPacMan,MyGhosts,14.766666666666667,250,1
DFSPacMan,MyGhosts,20.15,360,1
DFSPacMan,MyGhosts,21.833333333333332,340,1
DFSPacMan,MyGhosts,14.55,320,1
DFSPacMan,MyGhosts,12.183333333333334,400,1
DFSPacMan,MyGhosts,16.083333333333332,380,1
DFSPacMan,MyGhosts,202.18333333333334,810,4
DFSPacMan,MyGhosts,271.06666666666666,860,5
DFSPacMan,MyGhosts,271.06666666666666,860,5
BFSPacMan,MyGhosts,24.266666666666666,3140,2
BFSPacMan,MyGhosts,95.25,12400,5
BFSPacMan,MyGhosts,26.533333333333335,3720,2
BFSPacMan,MyGhosts,26.683333333333334,3760,2
BFSPacMan,MyGhosts,20.183333333333334,2150,1
BFSPacMan,MyGhosts,29.366666666666667,5100,2
BFSPacMan,MyGhosts,28.966666666666665,3430,2
BFSPacMan,MyGhosts,97.28333333333333,12560,5
BFSPacMan,MyGhosts,46.7,6270,3
BFSPacMan,MyGhosts,28.433333333333334,3810,2
BFSPacMan,MyGhosts,26.283333333333335,3690,2
BFSPacMan,MyGhosts,46.95,9080,3
BFSPacMan,MyGhosts,47.2,7450,3
BFSPacMan,MyGhosts,26.983333333333334,4090,2
BFSPacMan,MyGhosts,54.266666666666666,8810,3
BFSPacMan,MyGhosts,47.31666666666667,7480,3
BFSPacMan,MyGhosts,34.21666666666667,4430,2
BFSPacMan,MyGhosts,26.683333333333334,3760,2
BFSPacMan,MyGhosts,51.15,6870,3
BFSPacMan,MyGhosts,58.75,8590,3
BFSPacMan,MyGhosts,50.983333333333334,7080,3
BFSPacMan,MyGhosts,27.05,3430,2
BFSPacMan,MyGhosts,73.23333333333333,10960,3
BFSPacMan,MyGhosts,53.71666666666667,7660,3
BFSPacMan,MyGhosts,26.683333333333334,3760,2
BFSPacMan,MyGhosts,32.2,4450,2
BFSPacMan,MyGhosts,25.983333333333334,3260,2
BFSPacMan,MyGhosts,26.9,4830,2
BFSPacMan,MyGhosts,27.016666666666666,4580,2
BFSPacMan,MyGhosts,70.88333333333334,9050,4
BFSPacMan,MyGhosts,26.733333333333334,3690,2
BFSPacMan,MyGhosts,68.2,12890,3
BFSPacMan,MyGhosts,48.7,6450,3
BFSPacMan,MyGhosts,20.916666666666668,3150,1
BFSPacMan,MyGhosts,25.633333333333333,3090,2
BFSPacMan,MyGhosts,28.033333333333335,4140,2
BFSPacMan,MyGhosts,93.21666666666667,11270,4
BFSPacMan,MyGhosts,107.61666666666666,13210,5
BFSPacMan,MyGhosts,26.383333333333333,3090,2
BFSPacMan,MyGhosts,31.85,3820,2
BFSPacMan,MyGhosts,65.13333333333334,9660,3
BFSPacMan,MyGhosts,26.683333333333334,3760,2
BFSPacMan,MyGhosts,26.683333333333334,3760,2
BFSPacMan,MyGhosts,26.683333333333334,3760,2
BFSPacMan,MyGhosts,26.683333333333334,3760,2
BFSPacMan,MyGhosts,26.683333333333334,3760,2
BFSPacMan,MyGhosts,46.96666666666667,6060,3
BFSPacMan,MyGhosts,50.333333333333336,6230,3
BFSPacMan,MyGhosts,27.066666666666666,3260,2
BFSPacMan,MyGhosts,92.65,12270,4
BFSPacMan,MyGhosts,45.56666666666667,5580,2
BFSPacMan,MyGhosts,32.68333333333333,4590,2
BFSPacMan,MyGhosts,22.533333333333335,4100,2
BFSPacMan,MyGhosts,15.033333333333333,1530,1
BFSPacMan,MyGhosts,55.9,7200,3
BFSPacMan,MyGhosts,72.71666666666667,14770,3
BFSPacMan,MyGhosts,29.433333333333334,5100,2
BFSPacMan,MyGhosts,48.61666666666667,6850,3
BFSPacMan,MyGhosts,22.6,3120,1
BFSPacMan,MyGhosts,26.216666666666665,3660,2
BFSPacMan,MyGhosts,114.03333333333333,15500,6
BFSPacMan,MyGhosts,51.2,8860,3
BFSPacMan,MyGhosts,74.23333333333333,10960,3
BFSPacMan,MyGhosts,27.833333333333332,5340,2
BFSPacMan,MyGhosts,70.2,10160,3
BFSPacMan,MyGhosts,26.683333333333334,3760,2
BFSPacMan,MyGhosts,26.683333333333334,3760,2
BFSPacMan,MyGhosts,25.916666666666668,3590,2
BFSPacMan,MyGhosts,148.2,20310,7
BFSPacMan,MyGhosts,27.183333333333334,3740,2
BFSPacMan,MyGhosts,38.81666666666667,5840,2
BFSPacMan,MyGhosts,45.46666666666667,6960,2
BFSPacMan,MyGhosts,23.916666666666668,2690,1
BFSPacMan,MyGhosts,34.78333333333333,5240,2
BFSPacMan,MyGhosts,32.766666666666666,4590,2
BFSPacMan,MyGhosts,26.533333333333335,3630,2
BFSPacMan,MyGhosts,123.56666666666666,16110,6
BFSPacMan,MyGhosts,21.966666666666665,3140,1
BFSPacMan,MyGhosts,29.433333333333334,2550,1
BFSPacMan,MyGhosts,21.116666666666667,2880,1
BFSPacMan,MyGhosts,115.91666666666667,15620,5
BFSPacMan,MyGhosts,47.4,6470,3
BFSPacMan,MyGhosts,27.2,3890,2
BFSPacMan,MyGhosts,36.96666666666667,4630,2
BFSPacMan,MyGhosts,26.683333333333334,3760,2
BFSPacMan,MyGhosts,29.166666666666668,4740,2
BFSPacMan,MyGhosts,21.383333333333333,2790,1
BFSPacMan,MyGhosts,41.733333333333334,6000,2
BFSPacMan,MyGhosts,113.96666666666667,14950,5
BFSPacMan,MyGhosts,50.36666666666667,8040,3
BFSPacMan,MyGhosts,39.016666666666666,5670,2
BFSPacMan,MyGhosts,87.83333333333333,11070,4
BFSPacMan,MyGhosts,31.966666666666665,4590,2
BFSPacMan,MyGhosts,69.85,10160,3
BFSPacMan,MyGhosts,32.733333333333334,4980,2
BFSPacMan,MyGhosts,93.83333333333333,12470,4
BFSPacMan,MyGhosts,15.6,2280,1
BFSPacMan,MyGhosts,21.983333333333334,3220,1
BFSPacMan,MyGhosts,87.91666666666667,12420,4
BFSPacMan,MyGhosts,23.783333333333335,3980,1
BFSPacMan,MyGhosts,23.783333333333335,3980,1
UCSPacMan,MyGhosts,24.4,3320,2
UCSPacMan,MyGhosts,21.933333333333334,2210,1
UCSPacMan,MyGhosts,7.966666666666667,800,1
UCSPacMan,MyGhosts,89.33333333333333,13770,5
UCSPacMan,MyGhosts,34.3,4710,2
UCSPacMan,MyGhosts,31.783333333333335,3790,2
UCSPacMan,MyGhosts,32.38333333333333,3780,2
UCSPacMan,MyGhosts,69.4,9270,4
UCSPacMan,MyGhosts,25.466666666666665,2890,2
UCSPacMan,MyGhosts,24.066666666666666,4690,2
UCSPacMan,MyGhosts,53.38333333333333,7480,3
UCSPacMan,MyGhosts,51.4,7630,3
UCSPacMan,MyGhosts,25.2,2890,2
UCSPacMan,MyGhosts,52.083333333333336,8560,3
UCSPacMan,MyGhosts,34.88333333333333,4300,2
UCSPacMan,MyGhosts,23.266666666666666,3120,2
UCSPacMan,MyGhosts,89.36666666666666,12550,5
UCSPacMan,MyGhosts,44.45,8780,2
UCSPacMan,MyGhosts,46.11666666666667,7240,3
UCSPacMan,MyGhosts,25.2,2890,2
UCSPacMan,MyGhosts,22.533333333333335,2780,1
UCSPacMan,MyGhosts,33.733333333333334,4710,2
UCSPacMan,MyGhosts,17.916666666666668,2140,1
UCSPacMan,MyGhosts,22.0,2580,1
UCSPacMan,MyGhosts,25.2,2890,2
UCSPacMan,MyGhosts,25.716666666666665,4080,2
UCSPacMan,MyGhosts,134.28333333333333,17740,6
UCSPacMan,MyGhosts,21.933333333333334,2500,1
UCSPacMan,MyGhosts,52.2,7990,3
UCSPacMan,MyGhosts,23.166666666666668,3090,2
UCSPacMan,MyGhosts,8.016666666666667,800,1
UCSPacMan,MyGhosts,21.816666666666666,2430,1
UCSPacMan,MyGhosts,21.916666666666668,2780,1
UCSPacMan,MyGhosts,35.03333333333333,4860,2
UCSPacMan,MyGhosts,52.516666666666666,6730,3
UCSPacMan,MyGhosts,55.416666666666664,7370,3
UCSPacMan,MyGhosts,28.233333333333334,4190,2
UCSPacMan,MyGhosts,21.2,2310,1
UCSPacMan,MyGhosts,63.03333333333333,6950,3
UCSPacMan,MyGhosts,31.483333333333334,3790,2
UCSPacMan,MyGhosts,44.766666666666666,8560,2
UCSPacMan,MyGhosts,52.63333333333333,7130,3
UCSPacMan,MyGhosts,22.583333333333332,2780,1
UCSPacMan,MyGhosts,21.0,3180,1
UCSPacMan,MyGhosts,35.88333333333333,4300,2
UCSPacMan,MyGhosts,20.983333333333334,3180,1
UCSPacMan,MyGhosts,76.38333333333334,13030,4
UCSPacMan,MyGhosts,41.4,5460,2
UCSPacMan,MyGhosts,15.883333333333333,2540,1
UCSPacMan,MyGhosts,45.416666666666664,8440,3
UCSPacMan,MyGhosts,50.6,6050,3
UCSPacMan,MyGhosts,65.08333333333333,7190,3
UCSPacMan,MyGhosts,21.916666666666668,2580,1
UCSPacMan,MyGhosts,25.433333333333334,3520,2
UCSPacMan,MyGhosts,28.8,4460,2
UCSPacMan,MyGhosts,46.11666666666667,7450,3
UCSPacMan,MyGhosts,25.2,2890,2
UCSPacMan,MyGhosts,27.75,3880,2
UCSPacMan,MyGhosts,43.483333333333334,5780,2
UCSPacMan,MyGhosts,26.033333333333335,3230,2
UCSPacMan,MyGhosts,34.31666666666667,4510,2
UCSPacMan,MyGhosts,81.86666666666666,14960,4
UCSPacMan,MyGhosts,25.316666666666666,3450,2
UCSPacMan,MyGhosts,41.233333333333334,5590,2
UCSPacMan,MyGhosts,24.8,2890,2
UCSPacMan,MyGhosts,46.96666666666667,7240,3
UCSPacMan,MyGhosts,25.2,2890,2
UCSPacMan,MyGhosts,46.083333333333336,8780,2
UCSPacMan,MyGhosts,25.2,2890,2
UCSPacMan,MyGhosts,25.2,2890,2
UCSPacMan,MyGhosts,25.2,2890,2
UCSPacMan,MyGhosts,25.0,2890,2
UCSPacMan,MyGhosts,51.2,7830,3
UCSPacMan,MyGhosts,25.2,2890,2
UCSPacMan,MyGhosts,34.9,4510,2
UCSPacMan,MyGhosts,18.233333333333334,2270,1
UCSPacMan,MyGhosts,26.533333333333335,3430,2
UCSPacMan,MyGhosts,29.983333333333334,4850,2
UCSPacMan,MyGhosts,26.383333333333333,3650,2
UCSPacMan,MyGhosts,25.2,2890,2
UCSPacMan,MyGhosts,34.6,4110,2
UCSPacMan,MyGhosts,25.166666666666668,3120,2
UCSPacMan,MyGhosts,20.983333333333334,3180,1
UCSPacMan,MyGhosts,31.95,4790,2
UCSPacMan,MyGhosts,58.15,7700,3
UCSPacMan,MyGhosts,34.8,4860,2
UCSPacMan,MyGhosts,19.766666666666666,3310,1
UCSPacMan,MyGhosts,43.05,6010,2
UCSPacMan,MyGhosts,136.7,18790,7
UCSPacMan,MyGhosts,48.53333333333333,5840,3
UCSPacMan,MyGhosts,23.466666666666665,3290,2
UCSPacMan,MyGhosts,34.28333333333333,4320,2
UCSPacMan,MyGhosts,30.183333333333334,4170,2
UCSPacMan,MyGhosts,31.283333333333335,4190,2
UCSPacMan,MyGhosts,16.75,2320,1
UCSPacMan,MyGhosts,101.11666666666666,13960,5
UCSPacMan,MyGhosts,50.55,7480,3
UCSPacMan,MyGhosts,21.016666666666666,3180,1
UCSPacMan,MyGhosts,25.2,2890,2
UCSPacMan,MyGhosts,22.066666666666666,2580,1
UCSPacMan,MyGhosts,22.066666666666666,2580,1
GreedyPacMan,MyGhosts,47.43333333333333,6860,3
GreedyPacMan,MyGhosts,28.85,5190,2
GreedyPacMan,MyGhosts,22.116666666666667,2730,1
GreedyPacMan,MyGhosts,22.583333333333332,2730,1
GreedyPacMan,MyGhosts,26.55,3050,2
GreedyPacMan,MyGhosts,114.45,14910,5
GreedyPacMan,MyGhosts,95.86666666666666,11310,5
GreedyPacMan,MyGhosts,26.0,5610,2
GreedyPacMan,MyGhosts,18.766666666666666,2580,1
GreedyPacMan,MyGhosts,27.633333333333333,3640,2
GreedyPacMan,MyGhosts,26.116666666666667,5010,2
GreedyPacMan,MyGhosts,22.116666666666667,2730,1
GreedyPacMan,MyGhosts,41.61666666666667,5620,2
GreedyPacMan,MyGhosts,22.116666666666667,2730,1
GreedyPacMan,MyGhosts,24.616666666666667,3320,2
GreedyPacMan,MyGhosts,27.35,4050,2
GreedyPacMan,MyGhosts,45.86666666666667,8080,3
GreedyPacMan,MyGhosts,23.65,2750,1
GreedyPacMan,MyGhosts,24.466666666666665,4560,2
GreedyPacMan,MyGhosts,22.116666666666667,2730,1
GreedyPacMan,MyGhosts,22.116666666666667,2730,1
GreedyPacMan,MyGhosts,16.533333333333335,2270,1
GreedyPacMan,MyGhosts,27.716666666666665,3170,2
GreedyPacMan,MyGhosts,105.65,15750,5
GreedyPacMan,MyGhosts,67.76666666666667,11950,3
GreedyPacMan,MyGhosts,23.633333333333333,3420,2
GreedyPacMan,MyGhosts,35.75,5270,2
GreedyPacMan,MyGhosts,22.116666666666667,2730,1
GreedyPacMan,MyGhosts,21.666666666666668,2300,1
GreedyPacMan,MyGhosts,62.766666666666666,8270,3
GreedyPacMan,MyGhosts,22.116666666666667,2730,1
GreedyPacMan,MyGhosts,46.5,5980,2
GreedyPacMan,MyGhosts,65.88333333333334,9300,3
GreedyPacMan,MyGhosts,22.116666666666667,2730,1
GreedyPacMan,MyGhosts,22.116666666666667,2730,1
GreedyPacMan,MyGhosts,23.85,2890,2
GreedyPacMan,MyGhosts,47.55,6450,3
GreedyPacMan,MyGhosts,23.833333333333332,3490,2
GreedyPacMan,MyGhosts,22.116666666666667,2730,1
GreedyPacMan,MyGhosts,61.11666666666667,7550,3
GreedyPacMan,MyGhosts,41.78333333333333,5970,2
GreedyPacMan,MyGhosts,45.96666666666667,7660,3
GreedyPacMan,MyGhosts,22.116666666666667,2730,1
GreedyPacMan,MyGhosts,102.01666666666667,16600,5
GreedyPacMan,MyGhosts,61.93333333333333,7620,3
GreedyPacMan,MyGhosts,22.116666666666667,2730,1
GreedyPacMan,MyGhosts,21.7,3190,1
GreedyPacMan,MyGhosts,46.266666666666666,8260,3
GreedyPacMan,MyGhosts,106.31666666666666,15500,5
GreedyPacMan,MyGhosts,23.5,2920,2
GreedyPacMan,MyGhosts,22.116666666666667,2730,1
GreedyPacMan,MyGhosts,22.116666666666667,2730,1
GreedyPacMan,MyGhosts,28.35,3920,2
GreedyPacMan,MyGhosts,29.983333333333334,4190,2
GreedyPacMan,MyGhosts,25.083333333333332,5610,2
GreedyPacMan,MyGhosts,20.45,2600,1
GreedyPacMan,MyGhosts,22.25,2730,1
GreedyPacMan,MyGhosts,21.016666666666666,2430,1
GreedyPacMan,MyGhosts,22.116666666666667,2730,1
GreedyPacMan,MyGhosts,22.116666666666667,2730,1
GreedyPacMan,MyGhosts,20.583333333333332,2600,1
GreedyPacMan,MyGhosts,23.383333333333333,2890,2
GreedyPacMan,MyGhosts,48.13333333333333,6880,3
GreedyPacMan,MyGhosts,117.63333333333334,15810,6
GreedyPacMan,MyGhosts,25.1,4210,2
GreedyPacMan,MyGhosts,22.116666666666667,2730,1
GreedyPacMan,MyGhosts,25.55,2950,1
GreedyPacMan,MyGhosts,22.116666666666667,2730,1
GreedyPacMan,MyGhosts,45.28333333333333,7060,3
GreedyPacMan,MyGhosts,22.116666666666667,2730,1
GreedyPacMan,MyGhosts,30.216666666666665,4550,2
GreedyPacMan,MyGhosts,28.666666666666668,4220,2
GreedyPacMan,MyGhosts,18.25,2290,1
GreedyPacMan,MyGhosts,24.95,2940,2
GreedyPacMan,MyGhosts,49.86666666666667,7680,3
GreedyPacMan,MyGhosts,29.816666666666666,2350,1
GreedyPacMan,MyGhosts,23.5,3320,2
GreedyPacMan,MyGhosts,21.533333333333335,2420,1
GreedyPacMan,MyGhosts,39.233333333333334,6300,2
GreedyPacMan,MyGhosts,97.86666666666666,13830,5
GreedyPacMan,MyGhosts,22.116666666666667,2730,1
GreedyPacMan,MyGhosts,29.966666666666665,2750,1
GreedyPacMan,MyGhosts,22.116666666666667,2730,1
GreedyPacMan,MyGhosts,46.233333333333334,6660,3
GreedyPacMan,MyGhosts,35.333333333333336,4740,2
GreedyPacMan,MyGhosts,22.116666666666667,2730,1
GreedyPacMan,MyGhosts,24.116666666666667,3090,2
GreedyPacMan,MyGhosts,29.433333333333334,4790,2
GreedyPacMan,MyGhosts,27.55,4210,2
GreedyPacMan,MyGhosts,18.483333333333334,2290,1
GreedyPacMan,MyGhosts,25.4,3450,2
GreedyPacMan,MyGhosts,22.116666666666667,2730,1
GreedyPacMan,MyGhosts,18.283333333333335,2290,1
GreedyPacMan,MyGhosts,22.216666666666665,2730,1
GreedyPacMan,MyGhosts,22.116666666666667,2730,1
GreedyPacMan,MyGhosts,114.28333333333333,16320,5
GreedyPacMan,MyGhosts,24.15,3290,2
GreedyPacMan,MyGhosts,28.433333333333334,4590,2
GreedyPacMan,MyGhosts,28.383333333333333,4430,2
GreedyPacMan,MyGhosts,22.116666666666667,2730,1
GreedyPacMan,MyGhosts,22.116666666666667,2730,1
AStarPacMan,MyGhosts,400.0,77320,17
AStarPacMan,MyGhosts,264.4166666666667,48780,11
AStarPacMan,MyGhosts,28.95,4350,1
AStarPacMan,MyGhosts,130.9,19670,5
AStarPacMan,MyGhosts,400.0,57330,15
AStarPacMan,MyGhosts,330.6333333333333,53950,13
AStarPacMan,MyGhosts,244.33333333333334,46280,10
AStarPacMan,MyGhosts,212.53333333333333,37320,9
AStarPacMan,MyGhosts,354.51666666666665,64980,15
AStarPacMan,MyGhosts,231.2,42190,9
AStarPacMan,MyGhosts,125.45,21740,6
AStarPacMan,MyGhosts,234.5,44810,10
AStarPacMan,MyGhosts,28.35,3550,1
AStarPacMan,MyGhosts,246.3,47530,10
AStarPacMan,MyGhosts,239.81666666666666,48560,10
AStarPacMan,MyGhosts,400.0,64820,16
AStarPacMan,MyGhosts,239.7,38190,9
AStarPacMan,MyGhosts,400.0,71940,16
AStarPacMan,MyGhosts,123.16666666666667,21360,6
AStarPacMan,MyGhosts,339.68333333333334,52710,13
AStarPacMan,MyGhosts,400.0,67950,17
AStarPacMan,MyGhosts,400.0,69850,17
AStarPacMan,MyGhosts,234.81666666666666,31990,9
AStarPacMan,MyGhosts,129.03333333333333,20670,5
AStarPacMan,MyGhosts,270.8666666666667,52250,11
